200, 153, 153, 153, 154, 151, 152, 152, 152, 156, 152, 152, 152, 152, 151, 153, 152, 152, 156, 152, 152, 151, 152, 152, 152, 153, 153, 157, 151, 153, 152, 153, 151, 153, 153, 152, 156, 151, 154, 156, 153, 151, 152, 153, 153, 152, 151, 152, 153, 153, 150, 152.6
205, 162, 163, 156, 157, 157, 160, 161, 157, 157, 157, 157, 160, 157, 157, 157, 157, 156, 158, 158, 157, 157, 156, 158, 158, 160, 158, 156, 158, 158, 157, 157, 155, 158, 157, 157, 157, 156, 157, 157, 158, 156, 156, 158, 156, 158, 156, 155, 158, 157, 160, 157.52
210, 150, 150, 150, 152, 152, 148, 152, 150, 152, 151, 148, 150, 151, 151, 152, 158, 149, 151, 151, 151, 150, 148, 154, 151, 151, 150, 149, 150, 150, 150, 150, 150, 149, 151, 150, 151, 150, 148, 151, 150, 149, 150, 155, 149, 150, 149, 153, 151, 149, 150, 150.54
215, 150, 150, 150, 151, 151, 150, 151, 149, 150, 150, 150, 149, 150, 149, 151, 151, 150, 150, 150, 150, 150, 150, 150, 151, 150, 152, 151, 151, 152, 151, 151, 149, 151, 151, 150, 150, 150, 149, 151, 151, 150, 151, 151, 149, 149, 150, 150, 150, 151, 148, 150.24
220, 151, 151, 149, 151, 150, 151, 151, 151, 151, 148, 151, 150, 152, 151, 151, 150, 151, 151, 151, 150, 151, 150, 149, 151, 151, 152, 151, 152, 156, 150, 151, 151, 151, 151, 151, 149, 150, 150, 152, 151, 150, 151, 149, 151, 150, 151, 151, 150, 155, 150, 150.8
225, 150, 149, 150, 150, 150, 150, 150, 151, 151, 149, 151, 150, 150, 151, 154, 151, 149, 151, 151, 150, 151, 150, 154, 152, 149, 151, 150, 149, 149, 151, 150, 148, 150, 150, 151, 149, 150, 150, 150, 149, 151, 150, 150, 151, 154, 151, 157, 149, 151, 151, 150.52
230, 150, 151, 151, 151, 150, 151, 151, 149, 151, 150, 151, 151, 150, 150, 150, 151, 149, 154, 150, 151, 150, 150, 150, 151, 150, 149, 150, 150, 150, 150, 154, 151, 150, 156, 149, 150, 150, 151, 150, 150, 151, 150, 149, 150, 151, 151, 150, 151, 150, 151, 150.54
235, 150, 151, 150, 152, 150, 151, 151, 151, 150, 151, 151, 151, 156, 150, 151, 151, 151, 150, 150, 152, 152, 152, 156, 150, 150, 150, 151, 150, 151, 151, 150, 151, 156, 149, 151, 151, 150, 150, 151, 150, 151, 150, 156, 150, 151, 151, 151, 151, 154, 153, 151.2
240, 154, 152, 151, 150, 152, 151, 153, 152, 151, 150, 151, 150, 151, 150, 150, 154, 151, 151, 154, 151, 151, 153, 151, 151, 152, 151, 152, 151, 150, 151, 150, 151, 150, 152, 151, 150, 152, 155, 151, 151, 151, 152, 151, 152, 151, 151, 150, 151, 151, 151, 151.32
245, 151, 151, 151, 152, 154, 152, 150, 151, 152, 151, 155, 152, 152, 151, 152, 152, 151, 151, 151, 150, 152, 151, 156, 152, 152, 151, 152, 152, 152, 154, 152, 151, 152, 151, 151, 151, 152, 152, 157, 151, 151, 152, 151, 153, 151, 152, 152, 152, 151, 151, 151.84
250, 151, 152, 157, 150, 150, 152, 151, 151, 152, 151, 150, 151, 152, 151, 152, 151, 152, 151, 152, 151, 151, 150, 152, 152, 151, 157, 150, 152, 152, 152, 151, 151, 151, 152, 152, 152, 151, 152, 151, 151, 151, 151, 152, 152, 151, 151, 151, 156, 151, 151, 151.6
255, 151, 152, 151, 151, 151, 151, 151, 151, 152, 151, 151, 151, 150, 151, 152, 150, 151, 150, 151, 150, 151, 151, 151, 151, 155, 157, 155, 151, 152, 154, 151, 151, 152, 152, 151, 150, 151, 152, 150, 151, 151, 150, 151, 151, 150, 151, 152, 151, 155, 152, 151.44
260, 152, 152, 155, 152, 153, 152, 153, 152, 153, 152, 152, 152, 152, 152, 152, 153, 152, 152, 152, 153, 152, 156, 153, 152, 152, 153, 151, 152, 152, 152, 152, 152, 153, 152, 152, 152, 153, 152, 153, 153, 151, 152, 153, 152, 152, 152, 155, 152, 152, 152, 152.4
265, 152, 152, 152, 152, 152, 152, 152, 152, 151, 153, 165, 156, 153, 152, 152, 151, 151, 151, 152, 151, 151, 151, 151, 152, 152, 151, 151, 152, 151, 151, 152, 151, 151, 152, 152, 151, 151, 151, 151, 152, 156, 157, 156, 151, 152, 152, 150, 151, 152, 156, 152.28
270, 152, 152, 152, 152, 151, 152, 151, 150, 152, 151, 151, 151, 152, 151, 156, 152, 154, 152, 152, 152, 152, 152, 155, 151, 152, 151, 151, 152, 151, 151, 151, 151, 152, 151, 151, 151, 150, 151, 156, 151, 150, 154, 151, 152, 152, 150, 151, 151, 151, 152, 151.7
275, 151, 151, 151, 152, 150, 151, 152, 163, 154, 152, 151, 153, 153, 152, 156, 151, 152, 151, 151, 152, 151, 152, 152, 153, 153, 152, 153, 151, 159, 153, 151, 152, 152, 152, 152, 151, 152, 153, 156, 152, 157, 154, 152, 152, 152, 160, 153, 153, 155, 152, 152.82
280, 151, 151, 152, 152, 151, 150, 151, 151, 151, 154, 157, 156, 152, 152, 151, 151, 152, 151, 151, 152, 151, 151, 151, 158, 152, 152, 151, 151, 152, 151, 151, 151, 151, 151, 151, 151, 155, 151, 151, 151, 151, 154, 151, 151, 150, 151, 151, 150, 152, 152, 151.72
285, 151, 156, 152, 151, 153, 152, 151, 152, 152, 153, 152, 151, 152, 152, 155, 152, 152, 151, 152, 369, 163, 154, 153, 152, 153, 151, 152, 152, 152, 151, 151, 152, 152, 155, 152, 151, 153, 152, 152, 151, 152, 157, 153, 153, 153, 153, 152, 155, 156, 152, 157.02
290, 151, 152, 151, 152, 152, 151, 155, 152, 151, 152, 152, 151, 152, 152, 151, 152, 152, 151, 152, 152, 152, 153, 152, 152, 152, 151, 151, 154, 151, 151, 152, 154, 153, 152, 151, 152, 151, 152, 152, 151, 158, 152, 152, 152, 152, 151, 151, 151, 152, 159, 152.1
295, 151, 150, 151, 159, 155, 151, 151, 151, 151, 151, 155, 152, 152, 152, 152, 151, 151, 150, 158, 151, 151, 151, 151, 152, 151, 150, 151, 151, 155, 152, 151, 151, 151, 159, 155, 152, 152, 151, 152, 151, 150, 152, 152, 151, 150, 151, 152, 151, 157, 152, 152.06
300, 152, 151, 152, 157, 153, 153, 152, 152, 153, 157, 153, 152, 153, 152, 153, 152, 152, 152, 152, 152, 153, 152, 153, 153, 153, 153, 152, 151, 153, 152, 152, 153, 152, 152, 152, 153, 157, 152, 153, 153, 152, 152, 152, 152, 153, 151, 152, 152, 152, 152, 152.58
305, 153, 152, 154, 152, 154, 153, 152, 153, 153, 153, 153, 153, 152, 153, 154, 152, 153, 153, 152, 154, 152, 152, 157, 153, 152, 153, 153, 152, 160, 154, 152, 153, 153, 152, 159, 154, 154, 153, 153, 152, 154, 370, 156, 155, 153, 153, 155, 153, 157, 154, 157.82
310, 152, 152, 153, 153, 153, 152, 159, 153, 153, 153, 152, 153, 153, 154, 154, 156, 153, 158, 154, 153, 152, 155, 153, 153, 154, 153, 156, 153, 154, 154, 153, 152, 153, 153, 154, 153, 153, 152, 153, 153, 153, 154, 153, 153, 153, 156, 154, 153, 153, 153, 153.48
315, 152, 151, 152, 151, 152, 152, 151, 152, 151, 151, 152, 151, 152, 151, 152, 151, 151, 151, 154, 151, 151, 151, 151, 151, 151, 152, 151, 151, 152, 152, 166, 153, 152, 152, 152, 152, 151, 152, 151, 151, 151, 151, 151, 151, 152, 151, 151, 151, 151, 151, 151.74
320, 151, 152, 153, 152, 152, 152, 152, 152, 152, 152, 152, 152, 151, 152, 152, 151, 151, 152, 152, 157, 152, 155, 152, 152, 152, 152, 152, 155, 152, 151, 153, 152, 152, 152, 152, 152, 151, 152, 151, 152, 151, 151, 159, 153, 152, 151, 156, 152, 152, 151, 152.28
325, 151, 151, 153, 151, 152, 151, 152, 152, 152, 152, 151, 152, 152, 152, 151, 151, 152, 152, 152, 156, 152, 152, 152, 152, 152, 151, 152, 152, 153, 152, 152, 152, 153, 152, 152, 151, 151, 152, 152, 152, 152, 153, 152, 152, 158, 152, 151, 151, 153, 152, 152.06
330, 153, 153, 156, 156, 154, 154, 153, 153, 153, 153, 153, 152, 154, 152, 153, 158, 153, 153, 153, 158, 153, 153, 154, 158, 153, 153, 152, 157, 154, 153, 153, 154, 154, 153, 153, 153, 153, 153, 153, 153, 152, 153, 153, 153, 153, 153, 152, 153, 153, 153, 153.54
335, 153, 159, 154, 153, 152, 153, 153, 153, 152, 153, 152, 152, 152, 153, 152, 152, 153, 152, 153, 152, 153, 153, 152, 152, 154, 152, 153, 154, 152, 153, 153, 153, 154, 152, 152, 154, 153, 153, 157, 153, 153, 152, 153, 153, 153, 152, 153, 153, 153, 153, 152.96
340, 153, 152, 153, 152, 153, 152, 153, 152, 153, 153, 152, 157, 153, 152, 152, 154, 153, 153, 153, 152, 153, 153, 158, 153, 154, 153, 152, 153, 158, 154, 153, 153, 153, 153, 153, 153, 153, 152, 153, 153, 156, 153, 153, 153, 152, 152, 153, 153, 155, 153, 153.2
345, 151, 153, 152, 152, 153, 152, 152, 152, 152, 152, 152, 152, 152, 152, 152, 152, 152, 152, 153, 152, 152, 152, 152, 152, 152, 151, 152, 152, 153, 152, 152, 153, 152, 152, 152, 152, 153, 152, 152, 152, 152, 153, 152, 153, 156, 153, 152, 153, 152, 152, 152.24
350, 152, 152, 153, 152, 153, 152, 153, 153, 158, 174, 156, 157, 154, 154, 153, 152, 152, 152, 153, 152, 153, 152, 152, 152, 152, 152, 152, 152, 152, 156, 153, 152, 152, 153, 152, 152, 154, 154, 153, 152, 153, 152, 153, 152, 152, 158, 152, 152, 158, 152, 153.46
355, 152, 152, 152, 152, 153, 152, 153, 153, 153, 153, 153, 153, 153, 153, 153, 153, 154, 153, 153, 153, 153, 158, 153, 153, 153, 153, 153, 153, 153, 153, 153, 152, 152, 152, 153, 152, 153, 153, 152, 153, 152, 152, 153, 153, 153, 153, 152, 154, 153, 152, 152.86
360, 157, 156, 154, 154, 153, 153, 154, 154, 154, 154, 153, 153, 154, 157, 155, 153, 154, 155, 153, 154, 154, 154, 154, 154, 153, 153, 153, 154, 153, 153, 158, 153, 152, 153, 153, 153, 153, 153, 153, 153, 152, 153, 153, 157, 154, 153, 153, 153, 154, 153, 153.76
365, 153, 153, 154, 153, 152, 152, 152, 152, 153, 152, 153, 153, 152, 152, 152, 153, 152, 152, 156, 153, 152, 152, 152, 156, 152, 151, 153, 152, 158, 152, 152, 152, 153, 153, 153, 152, 156, 153, 153, 153, 152, 151, 156, 153, 152, 152, 152, 152, 152, 152, 152.76
370, 153, 153, 158, 154, 154, 153, 153, 153, 154, 152, 154, 153, 153, 154, 153, 154, 154, 153, 153, 152, 153, 152, 154, 153, 153, 153, 154, 153, 155, 153, 154, 153, 154, 154, 153, 154, 154, 153, 153, 153, 153, 152, 153, 154, 154, 153, 154, 153, 153, 153, 153.4
375, 153, 154, 153, 153, 153, 153, 153, 153, 154, 153, 153, 153, 153, 153, 153, 152, 152, 153, 153, 153, 156, 153, 152, 154, 153, 153, 153, 152, 153, 153, 152, 153, 153, 153, 152, 153, 153, 154, 153, 154, 153, 152, 153, 158, 152, 153, 153, 153, 153, 154, 153.12
380, 154, 154, 154, 154, 153, 154, 154, 153, 154, 154, 154, 154, 154, 154, 154, 153, 158, 155, 153, 155, 153, 155, 155, 154, 155, 154, 154, 155, 154, 154, 159, 154, 154, 154, 153, 154, 154, 160, 154, 153, 155, 154, 153, 154, 161, 153, 155, 155, 154, 154, 154.44
385, 153, 158, 153, 154, 154, 153, 153, 153, 153, 153, 153, 153, 154, 153, 152, 153, 153, 153, 157, 157, 153, 153, 153, 154, 153, 155, 154, 153, 154, 157, 156, 153, 154, 153, 153, 153, 153, 154, 153, 154, 153, 153, 153, 154, 153, 154, 153, 154, 154, 158, 153.78
390, 154, 153, 154, 153, 154, 153, 154, 153, 154, 153, 158, 154, 153, 154, 153, 153, 153, 153, 154, 153, 152, 153, 153, 153, 153, 153, 153, 154, 153, 153, 153, 159, 154, 153, 154, 157, 154, 154, 154, 153, 154, 154, 154, 154, 153, 153, 153, 154, 154, 153, 153.68
395, 153, 157, 153, 155, 154, 153, 153, 153, 153, 157, 154, 154, 154, 154, 154, 154, 153, 154, 153, 153, 152, 153, 153, 154, 153, 153, 152, 153, 153, 154, 153, 153, 153, 153, 153, 154, 153, 158, 153, 158, 155, 158, 153, 158, 153, 153, 153, 153, 153, 154, 153.84
400, 155, 158, 155, 154, 154, 153, 155, 154, 154, 153, 154, 154, 155, 155, 154, 154, 155, 155, 155, 154, 153, 154, 154, 153, 154, 157, 153, 153, 155, 154, 206, 155, 154, 154, 154, 153, 154, 154, 155, 154, 153, 154, 154, 154, 154, 154, 154, 154, 153, 160, 155.34
405, 159, 154, 155, 155, 155, 154, 154, 154, 155, 154, 155, 154, 155, 154, 154, 154, 154, 159, 155, 155, 155, 154, 154, 155, 154, 155, 154, 154, 154, 154, 153, 154, 154, 155, 159, 155, 154, 154, 154, 155, 154, 154, 154, 154, 155, 154, 155, 154, 154, 155, 154.62
410, 155, 156, 161, 156, 156, 155, 155, 155, 156, 156, 155, 155, 156, 160, 156, 156, 156, 155, 155, 157, 155, 155, 155, 156, 156, 156, 156, 156, 158, 156, 156, 156, 157, 161, 156, 156, 156, 156, 155, 156, 155, 155, 155, 156, 163, 156, 156, 155, 157, 155, 156.18
415, 159, 160, 160, 160, 166, 160, 160, 160, 160, 159, 159, 159, 160, 160, 160, 159, 160, 160, 160, 161, 160, 160, 161, 160, 160, 159, 160, 165, 160, 161, 159, 159, 160, 160, 160, 159, 160, 159, 160, 160, 160, 160, 160, 160, 159, 160, 160, 160, 160, 160, 160.06
420, 154, 154, 155, 155, 155, 154, 154, 154, 154, 154, 154, 154, 154, 154, 154, 153, 155, 155, 154, 154, 154, 153, 154, 154, 154, 155, 154, 154, 154, 154, 154, 154, 154, 154, 162, 154, 155, 154, 154, 154, 155, 154, 154, 155, 153, 154, 154, 155, 154, 154, 154.3
425, 154, 154, 155, 155, 154, 153, 154, 155, 154, 154, 155, 154, 154, 155, 155, 155, 153, 154, 154, 154, 154, 154, 154, 155, 154, 153, 155, 155, 156, 154, 154, 154, 155, 162, 154, 154, 154, 154, 159, 154, 155, 155, 158, 163, 155, 154, 158, 155, 160, 153, 154.98
430, 154, 154, 155, 154, 154, 154, 154, 154, 154, 154, 154, 154, 155, 154, 154, 154, 154, 154, 155, 155, 154, 154, 154, 154, 154, 154, 153, 154, 155, 162, 155, 154, 154, 154, 155, 154, 154, 154, 155, 154, 154, 155, 154, 155, 155, 154, 158, 155, 154, 155, 154.48
435, 155, 155, 155, 155, 155, 155, 155, 155, 155, 154, 157, 155, 155, 154, 159, 154, 153, 155, 154, 154, 154, 154, 154, 155, 155, 155, 155, 155, 155, 154, 153, 154, 160, 154, 154, 154, 155, 154, 155, 155, 154, 153, 155, 155, 156, 154, 154, 155, 155, 154, 154.76
440, 155, 154, 156, 156, 155, 155, 163, 155, 156, 156, 155, 155, 154, 156, 155, 154, 156, 156, 154, 156, 155, 155, 156, 155, 155, 155, 155, 154, 155, 155, 154, 155, 163, 155, 155, 155, 155, 156, 155, 155, 155, 155, 155, 155, 154, 154, 156, 155, 155, 155, 155.38
445, 154, 154, 155, 158, 156, 153, 154, 154, 154, 155, 155, 154, 156, 154, 154, 155, 153, 154, 154, 155, 154, 154, 154, 154, 154, 154, 154, 158, 156, 154, 155, 155, 155, 158, 155, 154, 154, 155, 160, 155, 154, 159, 155, 155, 155, 155, 154, 159, 154, 154, 154.94
450, 160, 156, 155, 155, 157, 160, 159, 156, 155, 156, 155, 155, 155, 156, 156, 154, 156, 154, 154, 155, 156, 155, 156, 155, 155, 158, 155, 156, 155, 155, 154, 154, 155, 154, 161, 154, 155, 155, 155, 155, 155, 155, 156, 154, 154, 155, 155, 159, 156, 157, 155.66
455, 155, 156, 155, 156, 156, 161, 155, 156, 156, 155, 155, 156, 155, 157, 155, 155, 155, 156, 156, 156, 154, 154, 160, 155, 155, 155, 155, 155, 156, 155, 155, 156, 155, 155, 155, 155, 155, 156, 155, 160, 155, 155, 155, 155, 156, 155, 155, 156, 159, 156, 155.7
460, 154, 155, 155, 155, 160, 155, 154, 154, 155, 154, 154, 155, 154, 154, 154, 154, 154, 155, 154, 155, 154, 155, 159, 154, 154, 154, 154, 154, 154, 153, 154, 154, 155, 154, 155, 155, 155, 154, 154, 156, 160, 154, 155, 155, 154, 155, 155, 155, 155, 154, 154.74
465, 156, 156, 156, 156, 157, 163, 157, 157, 156, 156, 157, 158, 157, 156, 156, 156, 156, 156, 157, 161, 157, 156, 157, 157, 156, 155, 157, 157, 157, 155, 156, 156, 161, 156, 157, 156, 155, 156, 157, 156, 154, 155, 156, 156, 155, 156, 156, 156, 155, 156, 156.5
470, 155, 155, 154, 155, 155, 155, 155, 156, 156, 155, 163, 155, 156, 155, 162, 154, 155, 156, 155, 154, 155, 155, 155, 155, 155, 154, 155, 154, 154, 155, 155, 154, 155, 159, 156, 161, 155, 156, 155, 155, 154, 155, 155, 154, 154, 154, 155, 156, 155, 156, 155.44
475, 155, 160, 155, 155, 156, 156, 155, 154, 156, 155, 160, 155, 155, 155, 155, 155, 155, 154, 155, 159, 154, 154, 155, 155, 154, 154, 154, 154, 161, 155, 155, 155, 155, 155, 155, 154, 155, 161, 156, 155, 154, 155, 155, 155, 155, 155, 161, 156, 155, 155, 155.54
480, 155, 155, 155, 156, 155, 155, 155, 155, 156, 155, 155, 155, 155, 155, 155, 155, 155, 156, 156, 155, 155, 156, 156, 155, 155, 156, 156, 156, 155, 155, 156, 155, 155, 155, 155, 155, 155, 156, 156, 155, 155, 156, 156, 163, 155, 155, 155, 155, 156, 155, 155.46
485, 155, 155, 156, 156, 155, 155, 155, 155, 155, 155, 160, 165, 156, 156, 159, 156, 156, 157, 156, 156, 155, 156, 156, 156, 156, 156, 156, 163, 156, 156, 158, 156, 155, 156, 155, 155, 155, 156, 155, 156, 156, 156, 156, 155, 156, 156, 159, 157, 157, 156, 156.32
490, 157, 156, 155, 156, 155, 155, 156, 161, 156, 156, 156, 156, 156, 162, 156, 155, 156, 156, 156, 162, 154, 156, 156, 155, 164, 157, 156, 157, 157, 156, 157, 155, 157, 156, 156, 156, 157, 156, 157, 156, 156, 155, 156, 155, 156, 156, 156, 157, 156, 155, 156.46
495, 156, 156, 158, 156, 156, 155, 155, 156, 155, 155, 156, 159, 156, 156, 157, 155, 156, 156, 155, 155, 155, 155, 155, 155, 155, 155, 155, 160, 155, 156, 155, 156, 156, 156, 155, 154, 156, 156, 155, 155, 156, 160, 156, 156, 155, 156, 155, 156, 156, 155, 155.8
500, 160, 157, 156, 156, 156, 156, 156, 155, 156, 156, 155, 155, 156, 157, 156, 155, 156, 156, 156, 156, 156, 155, 156, 156, 161, 157, 157, 156, 157, 156, 166, 157, 156, 157, 156, 156, 156, 157, 156, 156, 156, 156, 156, 156, 157, 155, 156, 155, 158, 159, 156.52
505, 155, 156, 157, 156, 156, 157, 156, 156, 156, 155, 156, 156, 156, 156, 156, 156, 156, 156, 156, 156, 156, 155, 156, 156, 156, 160, 160, 157, 157, 161, 157, 156, 157, 156, 159, 157, 156, 156, 156, 157, 156, 156, 157, 156, 156, 157, 163, 157, 157, 156, 156.64
510, 155, 156, 156, 157, 156, 156, 161, 156, 155, 156, 155, 155, 157, 156, 158, 156, 156, 155, 156, 156, 155, 156, 156, 156, 155, 156, 159, 156, 157, 155, 156, 156, 156, 156, 155, 156, 156, 155, 156, 156, 156, 155, 155, 155, 156, 155, 156, 155, 156, 155, 155.94
515, 187, 188, 192, 188, 189, 187, 187, 188, 189, 187, 188, 187, 188, 187, 188, 187, 187, 188, 194, 188, 189, 187, 187, 187, 188, 188, 188, 191, 186, 187, 187, 187, 187, 187, 187, 187, 188, 186, 188, 188, 189, 187, 189, 189, 187, 188, 189, 187, 188, 188, 187.9
520, 195, 189, 187, 186, 188, 187, 186, 186, 187, 186, 190, 187, 191, 187, 186, 186, 187, 187, 187, 186, 189, 187, 187, 186, 192, 187, 187, 186, 186, 192, 187, 187, 188, 187, 187, 187, 188, 187, 187, 187, 187, 186, 187, 187, 186, 188, 187, 191, 192, 187, 187.6
525, 186, 194, 187, 186, 188, 186, 186, 190, 188, 188, 187, 187, 188, 186, 187, 187, 186, 186, 186, 187, 187, 187, 193, 187, 186, 186, 187, 186, 186, 189, 194, 188, 187, 187, 187, 186, 187, 188, 186, 186, 186, 188, 186, 186, 186, 187, 193, 188, 187, 187, 187.4
530, 175, 176, 181, 181, 177, 176, 176, 177, 176, 176, 176, 176, 176, 176, 176, 175, 176, 176, 176, 175, 176, 176, 176, 176, 176, 177, 177, 177, 176, 176, 177, 176, 180, 177, 177, 176, 177, 177, 177, 176, 176, 177, 180, 181, 176, 182, 177, 177, 177, 176, 176.82
535, 176, 177, 177, 177, 177, 176, 177, 177, 176, 177, 176, 175, 176, 176, 177, 176, 176, 175, 176, 177, 176, 177, 176, 176, 177, 177, 176, 176, 176, 176, 176, 177, 176, 176, 177, 176, 176, 176, 176, 176, 176, 176, 176, 176, 176, 176, 177, 176, 176, 176, 176.26
540, 176, 175, 176, 177, 176, 175, 176, 177, 176, 176, 176, 176, 177, 176, 176, 176, 176, 176, 176, 176, 176, 176, 176, 176, 175, 177, 175, 177, 176, 177, 176, 176, 175, 177, 176, 176, 176, 176, 176, 176, 181, 182, 184, 181, 176, 176, 176, 176, 177, 176, 176.54
545, 177, 176, 176, 177, 183, 177, 176, 176, 176, 176, 176, 176, 176, 176, 176, 176, 176, 176, 175, 178, 176, 176, 176, 177, 177, 177, 177, 177, 176, 176, 180, 177, 179, 176, 183, 181, 177, 175, 176, 177, 176, 177, 176, 175, 176, 176, 176, 176, 176, 178, 176.78
550, 177, 177, 176, 177, 176, 177, 177, 178, 177, 176, 177, 177, 176, 176, 177, 176, 184, 177, 177, 177, 176, 176, 177, 177, 176, 177, 176, 177, 176, 176, 177, 177, 177, 176, 177, 182, 176, 177, 176, 175, 177, 176, 176, 176, 177, 177, 176, 176, 176, 176, 176.78
555, 177, 176, 176, 176, 177, 176, 177, 177, 182, 176, 176, 176, 177, 176, 177, 177, 176, 177, 177, 176, 175, 175, 181, 177, 176, 176, 176, 176, 176, 175, 178, 177, 177, 176, 176, 176, 176, 182, 177, 176, 177, 185, 178, 177, 177, 178, 176, 176, 176, 176, 176.9
560, 177, 178, 177, 176, 177, 177, 176, 176, 176, 176, 176, 177, 177, 177, 177, 177, 177, 177, 176, 177, 176, 177, 176, 178, 176, 178, 176, 176, 176, 177, 177, 176, 176, 175, 178, 177, 177, 178, 176, 176, 176, 177, 176, 176, 176, 181, 177, 178, 181, 178, 176.84
565, 176, 175, 177, 178, 183, 177, 176, 178, 177, 179, 178, 177, 176, 177, 178, 176, 177, 177, 177, 178, 178, 176, 177, 181, 176, 177, 177, 176, 181, 178, 177, 177, 178, 178, 178, 177, 177, 177, 177, 177, 181, 177, 177, 177, 176, 177, 177, 176, 177, 176, 177.36
570, 181, 176, 177, 178, 178, 177, 176, 177, 177, 178, 179, 177, 177, 178, 177, 177, 176, 182, 177, 177, 176, 177, 177, 177, 177, 178, 177, 177, 178, 177, 180, 177, 176, 177, 177, 176, 177, 177, 177, 177, 178, 176, 177, 177, 176, 176, 177, 177, 177, 178, 177.26
575, 184, 177, 177, 176, 178, 177, 178, 176, 177, 177, 177, 177, 179, 178, 177, 177, 177, 176, 177, 177, 177, 177, 179, 177, 177, 177, 177, 177, 177, 182, 177, 177, 176, 177, 177, 176, 181, 175, 177, 178, 176, 178, 177, 184, 178, 177, 176, 176, 177, 176, 177.44
580, 179, 181, 179, 179, 180, 179, 180, 180, 179, 180, 183, 181, 180, 181, 180, 180, 183, 183, 181, 185, 181, 179, 179, 180, 179, 185, 180, 181, 180, 180, 179, 179, 180, 180, 181, 179, 180, 180, 179, 180, 180, 180, 180, 180, 181, 180, 181, 180, 179, 179, 180.28
585, 182, 182, 182, 183, 181, 181, 182, 182, 181, 181, 181, 182, 187, 182, 183, 187, 183, 183, 181, 183, 181, 181, 182, 182, 182, 182, 181, 189, 182, 183, 181, 182, 182, 182, 181, 182, 182, 180, 188, 182, 181, 183, 186, 182, 183, 183, 181, 182, 181, 185, 182.46
590, 182, 182, 182, 182, 181, 183, 182, 181, 183, 181, 182, 182, 182, 181, 181, 183, 183, 183, 181, 188, 183, 182, 182, 181, 187, 184, 183, 182, 181, 190, 184, 182, 182, 182, 188, 182, 182, 182, 181, 191, 183, 182, 181, 182, 183, 181, 181, 189, 183, 183, 182.88
595, 185, 190, 184, 186, 184, 183, 184, 184, 184, 184, 184, 189, 185, 184, 184, 182, 183, 184, 188, 183, 183, 183, 186, 184, 184, 184, 183, 184, 184, 184, 183, 182, 183, 183, 183, 185, 185, 184, 183, 185, 183, 184, 189, 184, 184, 184, 183, 183, 183, 186, 184.24
600, 183, 183, 184, 184, 183, 184, 184, 189, 183, 185, 182, 183, 183, 182, 183, 183, 184, 183, 183, 183, 182, 183, 182, 183, 183, 183, 183, 183, 183, 183, 189, 184, 183, 183, 184, 183, 182, 184, 184, 183, 184, 184, 184, 191, 183, 183, 183, 186, 183, 183, 183.64
605, 184, 183, 183, 185, 183, 184, 183, 183, 183, 183, 188, 184, 194, 186, 189, 184, 185, 184, 184, 188, 185, 184, 185, 184, 186, 184, 184, 184, 183, 187, 184, 184, 184, 184, 183, 184, 184, 185, 184, 184, 184, 184, 184, 183, 183, 184, 184, 184, 184, 183, 184.46
610, 184, 184, 182, 184, 184, 184, 183, 184, 183, 184, 184, 183, 184, 184, 183, 184, 184, 183, 183, 184, 184, 184, 190, 185, 184, 185, 183, 184, 185, 184, 183, 183, 184, 183, 184, 184, 183, 183, 184, 182, 184, 184, 184, 184, 185, 183, 183, 184, 185, 184, 183.86
615, 183, 184, 184, 184, 183, 184, 184, 183, 184, 183, 184, 184, 183, 183, 185, 184, 184, 184, 185, 183, 185, 186, 185, 184, 184, 183, 184, 185, 182, 184, 184, 183, 184, 184, 185, 184, 184, 185, 183, 184, 187, 190, 185, 184, 184, 185, 184, 185, 185, 183, 184.18
620, 184, 185, 185, 186, 192, 185, 447, 189, 186, 186, 184, 184, 187, 185, 188, 184, 184, 184, 185, 189, 183, 184, 183, 187, 184, 185, 183, 183, 183, 184, 184, 183, 189, 184, 184, 183, 183, 187, 189, 184, 183, 184, 183, 188, 184, 189, 184, 184, 188, 184, 190.38
625, 185, 188, 184, 185, 183, 184, 184, 183, 184, 184, 184, 184, 184, 183, 184, 184, 185, 189, 184, 183, 184, 187, 184, 184, 183, 183, 184, 184, 184, 185, 183, 184, 183, 183, 184, 184, 184, 183, 184, 183, 183, 183, 184, 183, 183, 187, 185, 184, 184, 183, 184.08
630, 188, 185, 184, 184, 185, 184, 184, 183, 183, 192, 187, 184, 185, 184, 184, 184, 184, 184, 188, 186, 184, 183, 185, 184, 184, 183, 184, 184, 183, 184, 196, 186, 184, 184, 185, 184, 185, 184, 183, 184, 188, 184, 184, 185, 184, 184, 184, 183, 183, 183, 184.74
635, 184, 184, 190, 186, 189, 184, 184, 187, 186, 184, 184, 185, 189, 184, 185, 184, 184, 184, 184, 184, 185, 184, 183, 184, 184, 184, 184, 183, 184, 189, 183, 184, 183, 185, 184, 184, 188, 184, 183, 184, 183, 183, 184, 183, 183, 184, 184, 183, 184, 184, 184.52
640, 184, 183, 183, 183, 193, 184, 183, 184, 184, 190, 183, 185, 184, 184, 184, 183, 182, 192, 184, 184, 184, 183, 184, 183, 184, 183, 184, 183, 183, 184, 183, 184, 183, 185, 185, 184, 184, 183, 183, 184, 183, 183, 184, 183, 184, 183, 184, 184, 184, 184, 184.1
645, 180, 181, 180, 185, 183, 182, 182, 188, 182, 188, 182, 188, 183, 182, 182, 181, 183, 183, 182, 182, 182, 184, 182, 182, 182, 181, 182, 181, 181, 182, 182, 181, 185, 182, 182, 181, 182, 182, 182, 181, 182, 181, 182, 181, 187, 182, 181, 182, 181, 181, 182.36
650, 182, 182, 181, 182, 182, 182, 195, 183, 183, 182, 182, 182, 182, 181, 182, 181, 182, 182, 181, 181, 181, 182, 181, 181, 181, 181, 182, 182, 182, 185, 182, 181, 181, 181, 182, 181, 182, 181, 181, 181, 181, 182, 181, 182, 182, 182, 182, 182, 182, 181, 181.96
655, 181, 182, 181, 181, 182, 181, 181, 182, 187, 183, 182, 182, 189, 182, 182, 182, 182, 182, 181, 182, 182, 182, 181, 181, 184, 182, 183, 182, 182, 181, 185, 182, 183, 181, 183, 202, 183, 183, 182, 181, 182, 182, 182, 182, 182, 181, 182, 181, 182, 181, 182.58
660, 182, 182, 181, 182, 182, 183, 182, 182, 183, 190, 183, 182, 185, 183, 181, 182, 182, 183, 181, 183, 190, 181, 181, 182, 182, 181, 182, 181, 181, 183, 182, 182, 182, 183, 182, 182, 183, 181, 181, 182, 181, 183, 182, 183, 187, 182, 181, 182, 181, 182, 182.44
665, 181, 182, 183, 183, 182, 182, 187, 184, 182, 182, 185, 182, 182, 183, 183, 182, 183, 183, 182, 182, 183, 183, 182, 187, 183, 182, 183, 183, 187, 183, 182, 182, 183, 181, 182, 181, 184, 183, 182, 183, 182, 182, 181, 182, 187, 183, 182, 182, 182, 182, 182.78
670, 184, 182, 182, 182, 183, 183, 182, 182, 188, 182, 184, 182, 183, 182, 182, 182, 182, 181, 182, 182, 181, 182, 184, 182, 182, 182, 182, 182, 181, 182, 181, 181, 181, 181, 183, 182, 182, 182, 181, 188, 181, 181, 181, 185, 182, 182, 183, 183, 182, 182, 182.32
675, 182, 185, 186, 183, 183, 182, 183, 182, 182, 181, 182, 182, 182, 182, 182, 182, 181, 182, 183, 181, 182, 183, 182, 182, 181, 182, 182, 182, 188, 182, 182, 182, 182, 182, 183, 181, 182, 183, 182, 182, 182, 182, 183, 182, 182, 183, 182, 186, 182, 182, 182.42
680, 181, 183, 183, 182, 183, 183, 183, 182, 181, 181, 189, 182, 182, 182, 182, 183, 181, 182, 181, 182, 183, 182, 182, 183, 182, 184, 182, 183, 182, 181, 181, 187, 182, 182, 181, 182, 182, 183, 182, 183, 182, 182, 181, 181, 182, 182, 181, 181, 181, 183, 182.26
685, 183, 182, 182, 182, 187, 183, 182, 182, 183, 182, 182, 182, 181, 182, 181, 182, 182, 181, 183, 183, 181, 182, 182, 184, 183, 182, 181, 187, 183, 182, 182, 183, 183, 182, 183, 182, 182, 183, 183, 186, 184, 183, 182, 184, 183, 183, 182, 182, 182, 183, 182.62
690, 181, 183, 182, 183, 182, 182, 182, 182, 189, 182, 185, 183, 183, 183, 182, 182, 182, 182, 181, 182, 181, 181, 181, 182, 183, 183, 181, 182, 182, 183, 182, 187, 182, 182, 188, 182, 183, 182, 183, 181, 182, 182, 182, 183, 182, 182, 182, 182, 183, 182, 182.52
695, 182, 182, 183, 183, 182, 182, 183, 182, 183, 182, 183, 182, 182, 183, 182, 182, 182, 182, 183, 182, 182, 183, 182, 182, 182, 181, 187, 183, 182, 184, 183, 183, 183, 182, 188, 181, 182, 189, 182, 182, 189, 184, 183, 188, 182, 407, 187, 187, 185, 183, 187.7
700, 183, 183, 189, 183, 184, 183, 183, 183, 183, 183, 183, 183, 183, 182, 182, 188, 183, 183, 183, 183, 182, 184, 183, 186, 183, 183, 183, 183, 188, 182, 182, 183, 182, 185, 183, 183, 183, 182, 183, 183, 183, 182, 182, 183, 191, 184, 183, 186, 183, 182, 183.5
705, 182, 182, 182, 182, 182, 182, 183, 183, 182, 183, 183, 184, 182, 187, 184, 183, 188, 183, 183, 182, 185, 182, 182, 190, 183, 183, 186, 183, 183, 183, 181, 184, 183, 187, 183, 183, 186, 183, 184, 184, 181, 182, 182, 183, 183, 186, 183, 184, 183, 183, 183.4
710, 183, 183, 182, 181, 184, 182, 199, 186, 181, 182, 181, 181, 181, 182, 182, 180, 183, 181, 180, 181, 182, 181, 181, 181, 182, 185, 182, 182, 182, 181, 181, 181, 181, 181, 187, 182, 181, 181, 182, 183, 181, 181, 181, 181, 181, 185, 180, 182, 181, 181, 182.16
715, 185, 181, 181, 181, 181, 181, 187, 181, 181, 190, 181, 181, 181, 182, 181, 181, 182, 180, 181, 180, 181, 183, 181, 182, 181, 185, 182, 182, 184, 182, 184, 182, 182, 182, 181, 188, 181, 181, 180, 181, 181, 181, 181, 181, 181, 182, 181, 181, 181, 181, 181.9
720, 181, 180, 180, 183, 182, 182, 182, 181, 182, 181, 182, 181, 184, 181, 182, 182, 181, 181, 181, 181, 186, 181, 182, 185, 181, 181, 187, 182, 182, 185, 182, 182, 200, 181, 181, 181, 181, 182, 182, 181, 182, 181, 181, 180, 180, 181, 182, 184, 183, 182, 182.22
725, 181, 181, 182, 180, 181, 180, 189, 185, 183, 181, 181, 181, 180, 184, 181, 181, 180, 182, 182, 189, 182, 181, 185, 181, 180, 181, 181, 181, 183, 182, 183, 182, 181, 182, 181, 181, 181, 180, 182, 181, 181, 182, 181, 181, 181, 182, 181, 181, 183, 182, 181.8
730, 181, 183, 184, 182, 181, 182, 180, 181, 181, 182, 183, 182, 182, 182, 182, 181, 181, 182, 182, 181, 181, 181, 182, 181, 181, 181, 181, 181, 181, 181, 181, 181, 181, 181, 187, 182, 182, 181, 182, 181, 181, 181, 182, 182, 182, 181, 181, 181, 181, 182, 181.58
735, 182, 182, 182, 182, 183, 181, 181, 182, 181, 181, 181, 181, 182, 182, 181, 181, 181, 180, 181, 187, 181, 182, 185, 182, 183, 181, 181, 181, 181, 181, 187, 182, 182, 181, 181, 183, 181, 181, 181, 180, 181, 182, 182, 181, 181, 181, 183, 181, 182, 181, 181.72
740, 188, 181, 181, 182, 187, 181, 182, 181, 187, 182, 181, 182, 186, 181, 183, 182, 181, 182, 185, 185, 188, 183, 182, 182, 182, 183, 181, 182, 181, 183, 185, 182, 183, 182, 181, 182, 181, 182, 182, 182, 182, 182, 181, 181, 181, 182, 181, 181, 184, 182, 182.52
745, 182, 182, 182, 182, 182, 181, 181, 180, 180, 182, 182, 181, 181, 181, 180, 186, 181, 181, 181, 181, 181, 181, 182, 183, 181, 182, 182, 181, 181, 182, 181, 181, 188, 181, 181, 181, 181, 181, 182, 181, 181, 181, 183, 181, 182, 182, 181, 182, 181, 188, 181.7
750, 181, 187, 183, 182, 190, 182, 183, 182, 182, 182, 185, 182, 182, 183, 182, 181, 185, 183, 183, 183, 182, 181, 182, 181, 182, 182, 181, 188, 182, 185, 182, 182, 181, 182, 181, 185, 183, 181, 182, 182, 182, 181, 183, 182, 181, 182, 181, 181, 181, 182, 182.52
755, 181, 181, 182, 182, 183, 187, 181, 182, 182, 182, 189, 183, 181, 181, 181, 182, 182, 181, 182, 182, 181, 181, 182, 182, 182, 189, 183, 182, 182, 182, 182, 182, 182, 182, 186, 183, 183, 182, 183, 183, 182, 189, 183, 183, 182, 182, 182, 182, 182, 183, 182.62
760, 183, 182, 181, 182, 182, 182, 183, 182, 182, 182, 181, 181, 181, 181, 183, 186, 182, 182, 182, 181, 181, 182, 181, 182, 182, 182, 182, 182, 182, 185, 183, 188, 186, 182, 182, 181, 182, 183, 185, 183, 181, 183, 182, 182, 182, 182, 182, 181, 183, 182, 182.34
765, 183, 184, 182, 183, 182, 187, 183, 183, 182, 183, 181, 181, 182, 183, 182, 183, 182, 182, 182, 182, 182, 181, 181, 181, 183, 182, 182, 182, 182, 182, 182, 182, 182, 183, 182, 182, 182, 182, 183, 186, 182, 182, 182, 182, 189, 184, 183, 182, 182, 182, 182.52
770, 183, 182, 182, 183, 183, 182, 186, 183, 182, 183, 182, 183, 183, 183, 182, 186, 187, 183, 182, 182, 182, 183, 184, 183, 183, 183, 183, 182, 182, 182, 182, 188, 182, 183, 182, 183, 183, 182, 183, 183, 183, 183, 182, 183, 182, 182, 183, 183, 183, 183, 182.94
775, 182, 182, 183, 181, 182, 186, 182, 183, 184, 183, 186, 183, 182, 182, 181, 182, 182, 181, 182, 183, 182, 182, 182, 182, 182, 183, 182, 182, 182, 182, 182, 183, 182, 182, 186, 185, 183, 183, 183, 188, 182, 185, 182, 182, 182, 182, 182, 183, 182, 182, 182.68
780, 182, 185, 183, 183, 181, 186, 184, 183, 183, 183, 183, 183, 184, 183, 182, 183, 184, 184, 183, 184, 183, 183, 183, 182, 182, 190, 184, 183, 190, 184, 184, 183, 183, 182, 183, 183, 182, 184, 183, 183, 183, 182, 182, 182, 182, 183, 182, 184, 183, 183, 183.32
785, 183, 183, 182, 182, 183, 183, 182, 183, 189, 183, 183, 184, 182, 185, 184, 183, 183, 184, 183, 182, 183, 182, 189, 183, 182, 182, 182, 182, 182, 183, 182, 182, 183, 183, 182, 182, 182, 182, 186, 184, 183, 183, 183, 183, 183, 182, 189, 182, 183, 182, 183.14
790, 183, 183, 182, 186, 183, 182, 184, 182, 186, 183, 183, 182, 186, 183, 182, 182, 182, 183, 183, 183, 183, 183, 183, 183, 182, 190, 183, 186, 183, 183, 182, 182, 182, 181, 182, 183, 186, 188, 184, 183, 188, 183, 182, 182, 182, 182, 182, 182, 183, 182, 183.26
795, 182, 184, 183, 183, 182, 188, 183, 186, 184, 183, 188, 184, 184, 183, 182, 183, 184, 183, 183, 182, 182, 182, 188, 184, 182, 183, 184, 189, 184, 183, 182, 183, 182, 183, 186, 183, 183, 182, 182, 182, 182, 182, 184, 184, 183, 183, 182, 183, 186, 188, 183.6
800, 183, 182, 182, 182, 182, 182, 187, 189, 183, 184, 183, 183, 183, 183, 183, 183, 183, 183, 188, 189, 182, 183, 184, 182, 183, 182, 182, 188, 183, 182, 191, 184, 182, 183, 182, 182, 182, 187, 184, 182, 182, 182, 182, 183, 182, 182, 182, 184, 183, 187, 183.52
805, 182, 186, 184, 183, 184, 182, 181, 183, 181, 182, 182, 182, 183, 183, 183, 183, 182, 183, 183, 182, 184, 183, 184, 183, 184, 183, 183, 183, 183, 182, 184, 183, 182, 182, 183, 182, 182, 183, 183, 183, 182, 189, 191, 188, 183, 182, 184, 183, 183, 182, 183.2
810, 183, 183, 183, 183, 184, 183, 184, 183, 183, 182, 183, 182, 183, 184, 183, 183, 183, 184, 188, 185, 184, 185, 184, 184, 183, 182, 184, 183, 183, 184, 183, 183, 183, 184, 184, 182, 183, 183, 184, 184, 183, 183, 183, 183, 187, 185, 183, 183, 184, 183, 183.5
815, 183, 182, 183, 183, 184, 183, 190, 188, 189, 184, 183, 182, 184, 183, 183, 183, 184, 183, 183, 182, 184, 184, 184, 183, 184, 183, 184, 182, 184, 182, 183, 184, 183, 183, 184, 182, 184, 184, 183, 183, 185, 183, 183, 182, 182, 186, 183, 184, 190, 189, 183.86
820, 185, 183, 183, 185, 183, 183, 182, 182, 187, 183, 183, 184, 183, 183, 184, 183, 183, 183, 183, 183, 184, 182, 183, 182, 189, 183, 183, 184, 184, 183, 182, 182, 184, 183, 182, 183, 183, 184, 184, 183, 182, 184, 182, 183, 184, 182, 183, 183, 184, 183, 183.3
825, 182, 183, 188, 185, 184, 183, 183, 183, 183, 184, 184, 184, 190, 183, 183, 183, 182, 183, 183, 184, 183, 183, 183, 183, 183, 183, 184, 182, 184, 184, 186, 182, 184, 183, 183, 184, 183, 183, 183, 183, 182, 182, 183, 182, 189, 183, 183, 183, 182, 186, 183.56
830, 185, 183, 184, 183, 185, 184, 183, 188, 183, 183, 184, 183, 183, 183, 183, 183, 183, 183, 182, 183, 192, 183, 184, 183, 183, 183, 182, 182, 183, 183, 184, 184, 184, 184, 183, 182, 183, 184, 183, 183, 184, 183, 182, 183, 183, 189, 183, 183, 184, 184, 183.62
835, 184, 183, 182, 182, 183, 182, 182, 187, 182, 182, 186, 183, 183, 187, 184, 184, 182, 182, 182, 183, 184, 184, 183, 182, 182, 182, 183, 182, 192, 183, 184, 183, 183, 188, 184, 183, 182, 183, 188, 183, 183, 183, 183, 183, 182, 183, 183, 182, 188, 183, 183.52
840, 183, 184, 183, 183, 183, 182, 182, 183, 182, 183, 184, 184, 183, 183, 183, 184, 183, 183, 185, 182, 184, 182, 184, 183, 184, 183, 193, 184, 185, 184, 184, 183, 185, 183, 183, 188, 183, 183, 183, 183, 184, 183, 183, 188, 183, 184, 183, 184, 183, 183, 183.68
845, 184, 183, 183, 183, 182, 183, 183, 187, 185, 184, 183, 183, 184, 187, 184, 183, 183, 184, 183, 183, 183, 183, 183, 183, 183, 183, 186, 183, 184, 184, 183, 183, 184, 183, 183, 183, 184, 184, 184, 183, 184, 183, 183, 183, 183, 183, 184, 183, 183, 183, 183.5
850, 184, 185, 184, 185, 182, 189, 184, 188, 185, 184, 183, 183, 188, 183, 184, 183, 183, 184, 184, 184, 184, 183, 183, 184, 183, 183, 183, 187, 184, 184, 183, 183, 183, 184, 183, 189, 183, 183, 184, 184, 184, 183, 184, 183, 183, 182, 183, 184, 185, 183, 184
855, 184, 184, 183, 183, 183, 188, 183, 182, 183, 183, 183, 183, 183, 183, 183, 183, 184, 183, 184, 183, 183, 183, 182, 183, 183, 184, 184, 183, 183, 183, 183, 183, 183, 182, 183, 185, 184, 183, 183, 182, 192, 183, 183, 183, 184, 184, 190, 183, 184, 183, 183.58
860, 185, 184, 184, 183, 184, 190, 185, 185, 183, 184, 187, 188, 184, 185, 183, 184, 184, 185, 184, 187, 184, 184, 184, 185, 187, 184, 184, 185, 183, 183, 184, 183, 184, 185, 183, 183, 184, 192, 184, 183, 183, 183, 186, 184, 184, 184, 184, 183, 184, 183, 184.48
865, 184, 183, 186, 184, 185, 183, 184, 189, 184, 184, 184, 183, 189, 184, 184, 184, 184, 190, 183, 184, 184, 183, 188, 184, 183, 184, 183, 190, 184, 184, 184, 184, 190, 185, 184, 183, 183, 183, 183, 184, 183, 183, 183, 183, 183, 184, 183, 184, 184, 184, 184.38
870, 184, 186, 185, 184, 183, 184, 184, 185, 183, 184, 184, 184, 188, 183, 183, 183, 185, 188, 184, 184, 183, 183, 183, 184, 183, 184, 184, 190, 183, 183, 183, 183, 184, 183, 184, 183, 194, 183, 184, 184, 184, 185, 184, 184, 182, 184, 184, 185, 185, 185, 184.3
875, 190, 183, 185, 189, 184, 184, 184, 183, 189, 188, 185, 185, 185, 185, 185, 184, 184, 188, 186, 184, 185, 190, 186, 184, 184, 194, 185, 185, 183, 183, 184, 184, 184, 184, 192, 184, 185, 183, 183, 184, 183, 185, 184, 184, 184, 183, 184, 185, 184, 183, 185.1
880, 185, 184, 185, 185, 184, 186, 185, 184, 185, 191, 186, 187, 184, 184, 184, 185, 184, 186, 185, 185, 184, 185, 184, 184, 185, 184, 185, 184, 189, 185, 184, 185, 184, 184, 184, 184, 185, 189, 184, 184, 183, 185, 184, 184, 189, 184, 185, 184, 184, 185, 184.94
885, 184, 183, 184, 185, 184, 184, 183, 183, 183, 184, 188, 184, 184, 185, 183, 183, 183, 184, 186, 184, 184, 192, 184, 185, 183, 184, 184, 184, 183, 184, 187, 185, 190, 183, 184, 183, 183, 183, 183, 185, 184, 185, 184, 194, 185, 185, 184, 183, 184, 184, 184.52
890, 184, 185, 184, 184, 184, 184, 185, 183, 185, 184, 184, 185, 185, 184, 184, 184, 189, 186, 185, 185, 184, 184, 190, 184, 184, 184, 184, 184, 185, 184, 185, 187, 184, 184, 184, 185, 184, 184, 186, 184, 188, 185, 184, 185, 184, 189, 191, 184, 184, 184, 184.9
895, 185, 185, 183, 184, 184, 184, 184, 184, 190, 184, 185, 185, 184, 184, 183, 187, 185, 184, 189, 184, 184, 184, 184, 187, 184, 187, 184, 185, 185, 188, 184, 184, 186, 184, 184, 184, 184, 184, 185, 186, 184, 185, 184, 184, 184, 184, 184, 184, 184, 184, 184.7
900, 186, 185, 189, 184, 184, 185, 184, 185, 184, 185, 185, 184, 186, 184, 184, 184, 184, 184, 184, 184, 185, 185, 187, 185, 185, 186, 185, 184, 185, 185, 185, 186, 186, 185, 185, 185, 190, 185, 184, 189, 185, 186, 190, 184, 184, 190, 185, 185, 191, 185, 185.42
905, 184, 185, 184, 184, 191, 186, 184, 185, 183, 184, 185, 184, 187, 185, 185, 186, 185, 185, 184, 190, 186, 192, 186, 185, 185, 185, 185, 185, 185, 184, 184, 188, 185, 185, 185, 191, 185, 184, 188, 186, 189, 186, 186, 185, 184, 185, 184, 184, 184, 195, 185.74
910, 185, 184, 184, 185, 184, 185, 186, 184, 185, 185, 186, 185, 184, 185, 184, 186, 186, 186, 185, 184, 184, 185, 184, 185, 185, 185, 184, 185, 184, 184, 188, 185, 184, 184, 185, 186, 184, 184, 184, 185, 194, 185, 185, 186, 184, 184, 184, 184, 191, 185, 185.08
915, 185, 184, 190, 184, 185, 184, 185, 186, 185, 184, 185, 183, 185, 184, 187, 185, 185, 185, 186, 184, 190, 185, 184, 184, 184, 186, 184, 184, 184, 184, 185, 184, 184, 184, 184, 185, 184, 184, 189, 184, 185, 185, 185, 191, 185, 185, 185, 185, 184, 185, 185.04
920, 185, 184, 185, 185, 185, 186, 185, 185, 185, 185, 188, 185, 190, 185, 185, 186, 186, 190, 186, 185, 186, 185, 185, 186, 185, 185, 189, 192, 186, 184, 185, 184, 191, 188, 185, 191, 186, 186, 185, 185, 190, 187, 185, 185, 186, 185, 185, 185, 185, 184, 186.04
925, 185, 185, 184, 184, 189, 185, 185, 185, 186, 185, 185, 186, 185, 184, 185, 185, 186, 185, 185, 185, 185, 186, 192, 186, 185, 188, 185, 185, 185, 192, 185, 186, 187, 186, 186, 186, 185, 187, 185, 185, 185, 185, 185, 185, 186, 185, 185, 187, 185, 185, 185.68
930, 185, 185, 184, 184, 184, 185, 185, 185, 185, 185, 185, 186, 184, 184, 185, 185, 184, 185, 185, 184, 189, 185, 185, 184, 186, 185, 185, 185, 184, 185, 185, 184, 185, 185, 186, 185, 184, 184, 191, 185, 185, 185, 185, 184, 185, 185, 184, 191, 184, 185, 185.08
935, 185, 189, 186, 186, 185, 185, 184, 185, 185, 185, 190, 187, 192, 187, 186, 186, 185, 186, 186, 189, 187, 186, 186, 192, 185, 185, 189, 187, 186, 184, 185, 185, 186, 186, 184, 185, 185, 184, 185, 185, 185, 186, 185, 188, 186, 185, 185, 185, 185, 191, 186.14
940, 186, 185, 186, 185, 186, 185, 185, 185, 185, 185, 185, 184, 186, 185, 188, 185, 185, 186, 187, 185, 186, 185, 186, 185, 185, 185, 186, 185, 185, 186, 186, 186, 185, 185, 186, 185, 185, 185, 184, 185, 185, 188, 187, 185, 185, 185, 185, 185, 186, 185, 185.42
945, 186, 193, 185, 191, 187, 190, 185, 192, 186, 194, 211, 186, 185, 186, 185, 186, 186, 186, 186, 187, 186, 185, 186, 189, 186, 185, 186, 185, 186, 186, 186, 186, 185, 189, 186, 185, 186, 186, 186, 185, 189, 186, 186, 186, 186, 186, 186, 185, 186, 185, 187.08
950, 190, 188, 186, 186, 192, 186, 193, 187, 186, 185, 190, 186, 191, 187, 186, 186, 187, 186, 185, 186, 185, 184, 184, 185, 185, 186, 189, 187, 187, 188, 187, 189, 186, 186, 186, 186, 186, 190, 185, 186, 186, 186, 187, 186, 185, 185, 186, 186, 186, 187, 186.72
955, 188, 186, 185, 186, 186, 186, 186, 185, 185, 187, 186, 192, 187, 187, 186, 186, 185, 185, 186, 186, 186, 187, 185, 185, 185, 186, 193, 185, 185, 186, 186, 186, 185, 186, 186, 186, 186, 186, 185, 186, 186, 185, 192, 192, 189, 186, 186, 189, 185, 186, 186.46
960, 186, 185, 185, 185, 186, 185, 185, 206, 187, 186, 186, 187, 185, 185, 186, 185, 191, 185, 185, 185, 187, 189, 185, 188, 187, 186, 188, 186, 185, 185, 186, 186, 186, 186, 185, 186, 186, 186, 186, 186, 185, 186, 186, 186, 187, 186, 186, 186, 189, 187, 186.5
965, 189, 186, 186, 185, 185, 185, 186, 186, 185, 186, 187, 188, 186, 186, 186, 186, 186, 186, 186, 190, 186, 185, 186, 185, 186, 186, 193, 185, 186, 186, 185, 186, 186, 185, 186, 185, 185, 185, 186, 186, 185, 185, 191, 186, 186, 186, 185, 186, 186, 186, 186.14
970, 186, 186, 192, 186, 187, 185, 186, 186, 186, 186, 186, 186, 186, 186, 185, 185, 186, 187, 187, 191, 186, 187, 186, 186, 186, 190, 187, 187, 186, 190, 190, 193, 187, 186, 187, 187, 191, 186, 186, 185, 185, 185, 186, 186, 186, 185, 186, 186, 194, 186, 186.9
975, 186, 185, 185, 187, 186, 186, 187, 185, 187, 186, 185, 185, 186, 185, 186, 185, 185, 186, 186, 185, 186, 187, 186, 189, 187, 186, 187, 187, 185, 186, 184, 186, 186, 187, 186, 185, 186, 186, 186, 186, 185, 185, 186, 186, 185, 186, 185, 188, 186, 186, 185.92
980, 186, 185, 186, 186, 186, 186, 187, 186, 186, 187, 186, 186, 186, 186, 186, 186, 186, 187, 186, 186, 186, 185, 185, 186, 186, 186, 186, 185, 185, 185, 187, 186, 187, 186, 185, 186, 186, 185, 186, 186, 185, 187, 186, 194, 186, 186, 186, 186, 186, 187, 186.12
985, 186, 191, 188, 186, 191, 188, 191, 187, 186, 187, 190, 186, 187, 186, 185, 193, 187, 186, 186, 186, 186, 186, 186, 185, 185, 185, 187, 186, 187, 185, 186, 186, 186, 185, 187, 186, 185, 191, 186, 185, 185, 186, 185, 186, 186, 185, 185, 185, 192, 186, 186.7
990, 187, 187, 186, 186, 187, 186, 186, 186, 186, 187, 185, 187, 186, 185, 186, 186, 186, 187, 187, 186, 193, 187, 186, 186, 187, 186, 186, 186, 186, 186, 186, 186, 186, 185, 186, 186, 187, 186, 186, 186, 193, 185, 192, 188, 190, 187, 187, 187, 192, 188, 186.86
995, 186, 188, 187, 186, 193, 186, 185, 191, 186, 186, 186, 186, 187, 186, 188, 186, 185, 186, 186, 186, 186, 186, 186, 186, 186, 186, 185, 187, 185, 187, 189, 187, 186, 185, 185, 186, 187, 186, 186, 186, 189, 186, 186, 186, 186, 186, 186, 187, 187, 185, 186.46
1000, 186, 186, 185, 186, 186, 193, 186, 187, 186, 186, 186, 185, 186, 187, 187, 185, 186, 185, 185, 185, 186, 185, 186, 185, 185, 185, 186, 186, 191, 186, 187, 186, 186, 186, 186, 186, 186, 186, 186, 186, 186, 192, 186, 185, 185, 186, 186, 186, 187, 186, 186.22
